spatial_band,aeroway,amenity,building,highway,landuse,leisure,natural,public_transport,railway,tourism,waterway
0-5 m,-,-,warehouse (1),service (1),-,-,coastline (4); peninsula (1); shingle (1),-,-,-,-
5-10 m,-,-,-,footway (1),grass (1),-,water (4); beach (3); coastline (1); grassland (1); wood (1),-,-,-,-
10-25 m,-,-,-,path (3); footway (2); pedestrian (1); service (1); secondary (1),grass (2); harbour (1); industrial (1); residential (1),-,beach (4); coastline (3); scrub (2); wetland (1); peninsula (1),-,-,-,stream (1)
25-50 m,-,parking (1),industrial (1); hotel (1),path (2); cycleway (1); service (1),industrial (1),nature_reserve (1),coastline (6); peninsula (4); beach (3); bay (1); cliff (1),-,-,hotel (1),river (1)
50-75 m,-,,terrace (1); retail (1),service (2); footway (1); residential (1); path (1),grass (1),park (1); swimming_pool (1); sports_centre (1),beach (2); scrub (1); water (1); coastline (1); bay (1),-,-,viewpoint (1); attraction (1),river (2)
75-100 m,-,parking (2); lifeboat (1); toilets (1); telephone (1); post_box (1),,footway (3); tertiary (2); path (1); turning_loop (1),grass (2); military (1); residential (1),amusement_arcade (1),water (3); grassland (2); fruit (2); coastline (1); scree (1),-,-,-,canal (1)
100-200 m,-,parking (3); bench (2); bicycle_parking (2); ferry_terminal (1); restaurant (1),house (2); apartments (1); industrial (1); church (1),path (8); footway (6); residential (5); steps (4);,residential (3); grass (1); construction (1); meadow (1); grass (1),swimming_pool (2); park (2); slipway (1); garden (1); pitch (1),coastline (4); water (3); scrub (3); bay (3); beach (3),station (1); platform (1),-,artwork (1); attraction (1),fairway (2); river (1); ditch (1); rapids (1)
200-500 m,-,parking (8); restaurant (7); bench (3); bar (3); waste_basket (3),retail (3); industrial (3); church (2); commercial (2); office (2),steps (8); service (7); crossing (6); track (5),forest (5); residential (4); farmland (4); recreation_ground (3); grass (2),pitch (4); playground (3); nature_reserve (2); picnic_table (2); slipway (1),wood (4); cliff (4); beach (3); water (3); bare_rock (3),platform (2); stop_position (1),-,viewpoint (4); artwork (2); hotel (2); guest_house (2),river (4); stream (3); canal (2); floating_barrier (1); drain (1)
500-1000 m,-,bench (18); place_of_worship (14); parking (14); restaurant (12); waste_basket (12),house (22); apartments (19); church (11); retail (9); building (9),track (20); bus_stop (19); residential (18); service (14),residential (16); cemetery (11); grass (11); forest (10); farmland (8),playground (14); outdoor_seating (5); sports_center (4); nature_reserve (4); miniature_golf (3),wetland (12); tree (11); wood (10); scrub (9); beach (9),platform (19); stop_position (8); station (6); route (2),platform (2); tram_level_crossing (1); switch (1); tram_stop (1); tram_crossing (1),camp_site (10); viewpoint (9); hotel (7); guest_house (7),stream (10); river (7); channel (6); ditch (5); drain (5)
